feature,psi,ks_pvalue,status
Age,0.8562,6.53752672279846e-189,SIGNIFICANT
AgeGroup,0.7506,,SIGNIFICANT
Balance,0.5915,4.887909241731434e-105,SIGNIFICANT
PREDICTED_SCORE,0.266,0.0,SIGNIFICANT
TenureByAge,0.1698,3.3375127888488892e-25,moderate
IsActiveMember,0.1043,,moderate
BalanceSalaryRatio,0.0766,8.43179589613925e-17,stable
InactiveWithBalance,0.0468,,stable
Tenure,0.0074,0.9253718227633133,stable
EstimatedSalary,0.0074,0.32445857152937796,stable
HasCrCard,0.0013,,stable
CreditScore,0.0012,0.8542810035751878,stable
Geography,0.0009,,stable
NumOfProducts,0.0008,,stable
Gender,0.0007,,stable
ProductGroup,0.0002,,stable
ZeroBalance,0.0,,stable
